{"cameraMode":{"drawMode":0,"name":"Shaded","section":"Shading Mode"},"sceneLighting":false,"audioPlay":false,"sceneViewState":{"m_AlwaysRefresh":false,"showFog":true,"showSkybox":false,"showFlares":true,"showImageEffects":true,"showParticleSystems":true,"showVisualEffectGraphs":true,"m_FxEnabled":true},"in2DMode":false,"pivot":{"x":17.638904571533204,"y":2.2524852752685549,"z":-6.1508708000183109},"rotation":{"x":0.010185756720602513,"y":-0.029397431761026384,"z":-0.00029952239128760993,"w":-0.9995164275169373},"size":8.679122924804688,"orthographic":false}