{"cameraMode":{"drawMode":0,"name":"Shaded","section":"Shading Mode"},"sceneLighting":true,"audioPlay":false,"sceneViewState":{"m_AlwaysRefresh":false,"showFog":true,"showSkybox":true,"showFlares":true,"showImageEffects":true,"showParticleSystems":true,"showVisualEffectGraphs":true,"m_FxEnabled":true},"in2DMode":false,"pivot":{"x":0.7427468299865723,"y":-0.13368146121501923,"z":0.2647401988506317},"rotation":{"x":-0.061885636299848559,"y":-0.7135530710220337,"z":0.06353497505187988,"w":-0.6949741840362549},"size":2.485346794128418,"orthographic":false}