{"cameraMode":{"drawMode":0,"name":"Shaded","section":"Shading Mode"},"sceneLighting":false,"audioPlay":false,"sceneViewState":{"m_AlwaysRefresh":false,"showFog":true,"showSkybox":false,"showFlares":true,"showImageEffects":true,"showParticleSystems":true,"showVisualEffectGraphs":true,"m_FxEnabled":true},"in2DMode":false,"pivot":{"x":-6.013035774230957,"y":4.158123970031738,"z":0.8444013595581055},"rotation":{"x":0.015101977623999119,"y":0.955876886844635,"z":0.049933094531297687,"w":-0.2891009747982025},"size":6.9246978759765629,"orthographic":false}