{"cameraMode":{"drawMode":0,"name":"Shaded","section":"Shading Mode"},"sceneLighting":false,"audioPlay":false,"sceneViewState":{"m_AlwaysRefresh":false,"showFog":true,"showSkybox":false,"showFlares":true,"showImageEffects":true,"showParticleSystems":true,"showVisualEffectGraphs":true,"m_FxEnabled":true},"in2DMode":false,"pivot":{"x":11.45688247680664,"y":0.07800006866455078,"z":-2.176499366760254},"rotation":{"x":-0.08865068852901459,"y":-0.030776498839259149,"z":0.00274052401073277,"w":-0.9955840110778809},"size":7.889348030090332,"orthographic":false}