{"cameraMode":{"drawMode":0,"name":"Shaded","section":"Shading Mode"},"sceneLighting":false,"audioPlay":false,"sceneViewState":{"m_AlwaysRefresh":false,"showFog":true,"showSkybox":false,"showFlares":true,"showImageEffects":true,"showParticleSystems":true,"showVisualEffectGraphs":true,"m_FxEnabled":true},"in2DMode":false,"pivot":{"x":0.022526979446411134,"y":0.7850000858306885,"z":1.948446273803711},"rotation":{"x":0.04265093058347702,"y":0.737123966217041,"z":-0.04672953113913536,"w":0.6727906465530396},"size":6.114099502563477,"orthographic":false}