{"cameraMode":{"drawMode":0,"name":"Shaded","section":"Shading Mode"},"sceneLighting":false,"audioPlay":false,"sceneViewState":{"m_AlwaysRefresh":false,"showFog":true,"showSkybox":false,"showFlares":true,"showImageEffects":true,"showParticleSystems":true,"showVisualEffectGraphs":true,"m_FxEnabled":true},"in2DMode":false,"pivot":{"x":-6.372624397277832,"y":0.09000003337860108,"z":-15.936357498168946},"rotation":{"x":-0.08865068852901459,"y":-0.030776498839259149,"z":0.00274052401073277,"w":-0.9955840110778809},"size":3.7986538410186769,"orthographic":false}