{"cameraMode":{"drawMode":0,"name":"Shaded","section":"Shading Mode"},"sceneLighting":false,"audioPlay":false,"sceneViewState":{"m_AlwaysRefresh":false,"showFog":true,"showSkybox":false,"showFlares":true,"showImageEffects":true,"showParticleSystems":true,"showVisualEffectGraphs":true,"m_FxEnabled":true},"in2DMode":false,"pivot":{"x":6.295068264007568,"y":-2.1490094661712648,"z":-53.97154235839844},"rotation":{"x":-0.14379121363162995,"y":-0.01573721133172512,"z":0.0022869983222335579,"w":-0.9894809722900391},"size":5.4000349044799809,"orthographic":false}