{"cameraMode":{"drawMode":0,"name":"Shaded","section":"Shading Mode"},"sceneLighting":false,"audioPlay":false,"sceneViewState":{"m_AlwaysRefresh":false,"showFog":true,"showSkybox":false,"showFlares":true,"showImageEffects":true,"showParticleSystems":true,"showVisualEffectGraphs":true,"m_FxEnabled":true},"in2DMode":false,"pivot":{"x":-4.6393890380859379,"y":0.8716249465942383,"z":9.496013641357422},"rotation":{"x":0.010185756720602513,"y":-0.029397431761026384,"z":-0.00029952239128760993,"w":-0.9995164275169373},"size":16.749753952026368,"orthographic":false}