{"cameraMode":{"drawMode":0,"name":"Shaded","section":"Shading Mode"},"sceneLighting":false,"audioPlay":false,"sceneViewState":{"m_AlwaysRefresh":false,"showFog":true,"showSkybox":false,"showFlares":true,"showImageEffects":true,"showParticleSystems":true,"showVisualEffectGraphs":true,"m_FxEnabled":true},"in2DMode":false,"pivot":{"x":-0.4939885139465332,"y":2.4201102256774904,"z":-20.064931869506837},"rotation":{"x":-0.08865068852901459,"y":-0.030776498839259149,"z":0.00274052401073277,"w":-0.9955840110778809},"size":4.609545707702637,"orthographic":false}