{"cameraMode":{"drawMode":0,"name":"Shaded","section":"Shading Mode"},"sceneLighting":false,"audioPlay":false,"sceneViewState":{"m_AlwaysRefresh":false,"showFog":true,"showSkybox":false,"showFlares":true,"showImageEffects":true,"showParticleSystems":true,"showVisualEffectGraphs":true,"m_FxEnabled":true},"in2DMode":false,"pivot":{"x":137.08001708984376,"y":1.8448467254638672,"z":-6.908056259155273},"rotation":{"x":0.010185756720602513,"y":-0.029397431761026384,"z":-0.00029952239128760993,"w":-0.9995164275169373},"size":205.88287353515626,"orthographic":false}