{"cameraMode":{"drawMode":0,"name":"Shaded","section":"Shading Mode"},"sceneLighting":false,"audioPlay":false,"sceneViewState":{"m_AlwaysRefresh":false,"showFog":true,"showSkybox":false,"showFlares":true,"showImageEffects":true,"showParticleSystems":true,"showVisualEffectGraphs":true,"m_FxEnabled":true},"in2DMode":false,"pivot":{"x":-26.74807357788086,"y":2.077972412109375,"z":-7.99704647064209},"rotation":{"x":0.010185756720602513,"y":-0.029397431761026384,"z":-0.00029952239128760993,"w":-0.9995164275169373},"size":0.5524600148200989,"orthographic":false}